"Time (s)","Distance (cm)"
2.839333261E-3,5.000000000E0
3.007161333E0,0.000000000E0
4.821666892E2,5.000000000E0